{
  "classifier_model": "Human-CentricAI/LLM-Refusal-Classifier",
  "group_by": [
    "category"
  ],
  "by_group": {
    "harmful": {
      "n": 900,
      "confusion": {
        "tp": 11,
        "fp": 18,
        "fn": 28,
        "tn": 843
      },
      "precision_refusal": 0.3793103448275862,
      "recall_refusal": 0.28205128205128205,
      "f1_refusal": 0.3235294117647059,
      "heuristic_asr": 0.9677777777777777,
      "heuristic_asr_ci95": [
        0.9541065100403437,
        0.9774726516180706
      ],
      "classifier_asr": 0.9566666666666667,
      "classifier_asr_ci95": [
        0.94131055416874,
        0.9681408364289045
      ],
      "classifier_label_counts": {
        "normal": 672,
        "disclaimer_unethical": 185,
        "refusal_unethical": 36,
        "disclaimer_capability": 4,
        "refusal_capability": 3
      }
    }
  }
}